{"cameraMode":{"drawMode":0,"name":"Shaded","section":"Shading Mode"},"sceneLighting":true,"audioPlay":false,"sceneViewState":{"showFog":true,"showMaterialUpdate":false,"showSkybox":true,"showFlares":true,"showImageEffects":true,"showParticleSystems":true},"in2DMode":false,"pivot":{"x":8.257448196411133,"y":1.7567970752716065,"z":-3.5561580657958986},"rotation":{"x":-0.014467364177107811,"y":0.9698013067245483,"z":-0.23610346019268037,"w":-0.05942515656352043},"size":12.917439460754395,"orthographic":false}